{
  "n": 54,
  "key_tokens_k": 5,
  "coverage_mean": 0.9814814814814815,
  "coverage_median": 1.0,
  "support_rate_ge_0_5": 0.9814814814814815,
  "failure_case_ids": [
    "draft_40"
  ]
}