{
  "unknown_rate": 0.16363636363636364,
  "very_short_rate": 0.18181818181818182,
  "numeric_only_rate": 0.0,
  "duplicated_answer_rate": 0.16363636363636364
}