{
  "n": 55,
  "pred_len_char": {
    "mean": 29.70909090909091,
    "median": 17,
    "p90": 54
  },
  "gold_len_char": {
    "mean": 13.545454545454545,
    "median": 12,
    "p90": 22
  },
  "gold_token_hit_rate": {
    "mean": 0.7703443526170799,
    "median": 1.0
  },
  "f1": {
    "mean": 0.5508839588149621,
    "median": 0.6,
    "p90": 1.0
  },
  "pred_token_count": {
    "median": 17,
    "p90": 50
  },
  "gold_token_count": {
    "median": 12,
    "p90": 21
  }
}