{
  "unknown_rate": 0.5818181818181818,
  "very_short_rate": 0.6,
  "numeric_only_rate": 0.0,
  "duplicated_answer_rate": 0.5818181818181818
}