{
  "n": 55,
  "pred_len_char": {
    "mean": 10.10909090909091,
    "median": 7,
    "p90": 16
  },
  "gold_len_char": {
    "mean": 13.545454545454545,
    "median": 12,
    "p90": 22
  },
  "gold_token_hit_rate": {
    "mean": 0.3257287157287157,
    "median": 0.0
  },
  "f1": {
    "mean": 0.31361527741570644,
    "median": 0.0,
    "p90": 1.0
  },
  "pred_token_count": {
    "median": 1,
    "p90": 15
  },
  "gold_token_count": {
    "median": 12,
    "p90": 21
  }
}