{
  "unknown_rate": 0.2909090909090909,
  "very_short_rate": 0.3090909090909091,
  "numeric_only_rate": 0.0,
  "duplicated_answer_rate": 0.2909090909090909
}