{
  "n": 55,
  "pred_len_char": {
    "mean": 16.78181818181818,
    "median": 13,
    "p90": 37
  },
  "gold_len_char": {
    "mean": 13.545454545454545,
    "median": 12,
    "p90": 22
  },
  "gold_token_hit_rate": {
    "mean": 0.6056473829201102,
    "median": 1.0
  },
  "f1": {
    "mean": 0.47848595100672864,
    "median": 0.509090909090909,
    "p90": 1.0
  },
  "pred_token_count": {
    "median": 11,
    "p90": 34
  },
  "gold_token_count": {
    "median": 12,
    "p90": 21
  }
}