{
  "n": 55,
  "pred_len_char": {
    "mean": 29.563636363636363,
    "median": 16,
    "p90": 54
  },
  "gold_len_char": {
    "mean": 13.545454545454545,
    "median": 12,
    "p90": 22
  },
  "gold_token_hit_rate": {
    "mean": 0.7389393939393939,
    "median": 1.0
  },
  "f1": {
    "mean": 0.5510442104220201,
    "median": 0.5945945945945945,
    "p90": 1.0
  },
  "pred_token_count": {
    "median": 16,
    "p90": 50
  },
  "gold_token_count": {
    "median": 12,
    "p90": 21
  }
}