{
  "unknown_rate": 0.03636363636363636,
  "very_short_rate": 0.05454545454545454,
  "numeric_only_rate": 0.0,
  "duplicated_answer_rate": 0.03636363636363636
}