{
  "n": 55,
  "pred_len_char": {
    "mean": 24.345454545454544,
    "median": 16,
    "p90": 45
  },
  "gold_len_char": {
    "mean": 13.545454545454545,
    "median": 12,
    "p90": 22
  },
  "gold_token_hit_rate": {
    "mean": 0.839848484848485,
    "median": 1.0
  },
  "f1": {
    "mean": 0.6543577608910304,
    "median": 0.7000000000000001,
    "p90": 1.0
  },
  "pred_token_count": {
    "median": 16,
    "p90": 41
  },
  "gold_token_count": {
    "median": 12,
    "p90": 21
  }
}