{
  "n": 55,
  "key_tokens_k": 5,
  "coverage_mean": 0.9818181818181818,
  "coverage_median": 1.0,
  "support_rate_ge_0_5": 0.9818181818181818,
  "failure_case_ids": [
    "draft_41"
  ]
}