{
  "unknown_rate": 0.14545454545454545,
  "very_short_rate": 0.16363636363636364,
  "numeric_only_rate": 0.0,
  "duplicated_answer_rate": 0.14545454545454545
}