{
  "n": 55,
  "pred_len_char": {
    "mean": 36.72727272727273,
    "median": 20,
    "p90": 73
  },
  "gold_len_char": {
    "mean": 13.545454545454545,
    "median": 12,
    "p90": 22
  },
  "gold_token_hit_rate": {
    "mean": 0.7934848484848485,
    "median": 1.0
  },
  "f1": {
    "mean": 0.5271764389587268,
    "median": 0.5454545454545454,
    "p90": 1.0
  },
  "pred_token_count": {
    "median": 20,
    "p90": 67
  },
  "gold_token_count": {
    "median": 12,
    "p90": 21
  }
}