{
  "unknown_rate": 0.12727272727272726,
  "very_short_rate": 0.14545454545454545,
  "numeric_only_rate": 0.0,
  "duplicated_answer_rate": 0.12727272727272726
}