{
  "n": 55,
  "pred_len_char": {
    "mean": 31.945454545454545,
    "median": 16,
    "p90": 54
  },
  "gold_len_char": {
    "mean": 13.545454545454545,
    "median": 12,
    "p90": 22
  },
  "gold_token_hit_rate": {
    "mean": 0.7934848484848485,
    "median": 1.0
  },
  "f1": {
    "mean": 0.5944367126931881,
    "median": 0.6363636363636364,
    "p90": 1.0
  },
  "pred_token_count": {
    "median": 15,
    "p90": 50
  },
  "gold_token_count": {
    "median": 12,
    "p90": 21
  }
}